<?xml version="1.0" encoding="UTF-8" standalone="no"?>
<extension method="upgrade" type="package" version="3.4">
	<name>REAXML Package</name>
	<author>Clifton IT Foundries Pty Ltd</author>
	<authorEmail>neil.clifton@cliftonwebfoundry.com.au</authorEmail>
	<creationDate>Jul 2015</creationDate>
	<copyright>Copyright (c) 2014, 2015 Clifton IT Foundries Pty Ltd. All rights
		Reserved</copyright>
	<license>GNU/GPLv3 http://www.gnu.org/licenses/gpl-3.0.html</license>
	<packagename>reaxml</packagename>
	<version>1.4.9</version>
	<releaseDate>2015-07-23</releaseDate>
	<releaseType>Feature Release</releaseType>
	<url>http://cliftonwebfoundry.com.au</url>
	<packageurl>http://cliftonwebfoundry.com.au</packageurl>
	<description>Package for the REAXML Import component and library
	</description>
	
 	<files folder="packages">
		<file id="lib_reaxml" type="library">lib_reaxml.zip</file>
		<file id="com_reaxmlimport" type="component">com_reaxmlimport.zip</file>
	</files>
	<updateservers>
	    <server name="REAXML Package" priority="1" type="extension">http://cliftonwebfoundry.com.au/index.php?option=com_ars&amp;view=update&amp;task=stream&amp;format=xml&amp;id=2</server>
	</updateservers>

</extension>
