<?xml version="1.0" encoding="UTF-8"?>
<extension type="component" version="3.0" group="" method="upgrade">
	<name>REAXML Import</name>
	<author>Clifton IT Foundries Pty Ltd</author>
	<creationDate>July 2014</creationDate>
	<copyright>Copyright (c) 2014 Clifton IT Foundries Pty Ltd. All rights
		Reserved
	</copyright>
	<license>GNU General Public License version 3 or later; see gpl-3.0.txt
	</license>
	<authorEmail>neil.clifton@cliftonwebfoundry.com.au</authorEmail>
	<authorUrl>http://cliftonwebfoundry.com.au</authorUrl>
	<version>0.43.117</version>
	<description>COM_REAXMLIMPORT_XML_DESCRIPTION</description>

	<scriptfile>installscript.php</scriptfile>

	<files folder="site">
		<filename>reaxmlimport.php</filename>
		<filename>index.html</filename>
		<filename>gpl-3.0.txt</filename>
		<folder>controllers</folder>
		<folder>views</folder>
		<folder>models</folder>
		<folder>language</folder>
		<folder>assets</folder>
		<folder>helpers</folder>
	</files>

	<administration>
		<!-- Administration Menu Section -->
		<menu>COM_REAXMLIMPORT_MENU</menu>
		<!-- Administration Main File Copy Section -->
		<!-- Note the folder attribute: This attribute describes the folder to 
			copy FROM in the package to install therefore files copied in this section 
			are copied from /admin/ in the package -->
		<files folder="admin">
			<!-- Admin Main File Copy Section -->
			<folder>controllers</folder>
			<folder>language</folder>
			<folder>models</folder>
			<folder>views</folder>
			<folder>helpers</folder>
			<folder>assets</folder>
			<filename>gpl-3.0.txt</filename>
			<filename>config.xml</filename>
			<filename>access.xml</filename>
			<filename>index.html</filename>
			<filename>reaxmlimport.php</filename>
		</files>

	</administration>



</extension>
