<?xml version="1.0" encoding="UTF-8" standalone="no"?>
<extension method="upgrade" type="library" version="3.0">
	<name>REAXML Library</name>
	<libraryname>reaxml</libraryname>
	<author>Clifton IT Foundries Pty Ltd</author>
	<creationDate>July 2014</creationDate>
	<copyright>Copyright (c) 2014, 2015 Clifton IT Foundries Pty Ltd. All rights
		Reserved
	</copyright>
	<license>GNU/GPLv3 http://www.gnu.org/licenses/gpl-3.0.html</license>
	<authorEmail>neil.clifton@cliftonwebfoundry.com.au</authorEmail>
	<authorUrl>http://cliftonwebfoundry.com.au</authorUrl>
	<version>1.4.8</version>
	<description>REAXML Library</description>

	<fileset>
		<!-- EZ Realty language override -->
		<files folder="language/overrides" target="language/overrides">
			<filename>en-GB.override.ini</filename>
		</files>
	</fileset>


	<files folder="lib/reaxml">
		<folder>db</folder>
		<folder>ezr</folder>
		<folder>configuration</folder>
		<folder>importer</folder>
		<folder>maphelper</folder>
		<filename>index.html</filename>
		<filename>gpl-3.0.txt</filename>
	</files>

	<languages folder="language">
		<language tag="en-GB">en-GB/en-GB.lib_reaxml.ini</language>
		<language tag="en-GB">en-GB/en-GB.lib_reaxml.sys.ini</language>
	</languages>


</extension>
